OriginalProductID,AlternativeProductID,PriceDifference,SustainabilityComparison
1,124,52.019999999999996,Better
1,683,10.219999999999999,Worse
1,862,135.01,Better
2,27,52.120000000000005,Better
2,990,-286.09,Better
2,575,-345.96,Better
3,988,51.16,Better
3,690,296.42,Better
3,717,355.01,Better
4,943,110.98999999999998,Same
4,282,165.87999999999997,Same
4,528,-66.26,Worse
5,647,215.84000000000003,Same
5,468,-193.66,Worse
5,883,-68.66999999999999,Same
6,785,-167.11,Better
6,687,-60.160000000000025,Better
6,775,-189.41,Better
7,227,457.94,Same
7,616,69.4,Worse
7,473,335.24,Same
8,439,-332.34000000000003,Worse
8,260,-193.55,Same
8,986,-250.68,Worse
9,745,-46.29000000000002,Same
9,383,-179.77000000000004,Better
9,225,-332.53000000000003,Better
10,149,328.46,Same
10,836,282.14,Same
10,395,401.37,Same
11,710,121.38,Better
11,470,156.57,Better
11,467,169.02999999999997,Same
12,409,410.38,Worse
12,808,59.28,Worse
12,656,378.77000000000004,Worse
13,108,-23.349999999999966,Better
13,838,63.77000000000004,Better
13,62,204.02000000000004,Better
14,783,-42.69,Same
14,644,-90.12,Better
14,609,213.01,Better
15,75,121.62,Worse
15,489,48.129999999999995,Worse
15,967,30.349999999999994,Worse
16,869,-95.49000000000001,Better
16,124,-348.74,Better
16,333,-57.10999999999996,Worse
17,12,-85.84,Same
17,381,189.14999999999998,Worse
17,114,219.37,Worse
18,203,41.27999999999997,Same
18,513,103.75999999999999,Same
18,893,173.73999999999995,Worse
19,221,58.22999999999999,Worse
19,500,113.10999999999999,Same
19,209,240.73999999999998,Worse
20,459,29.05000000000001,Same
20,907,-79.13,Worse
20,365,-363.9,Worse
21,604,287.94000000000005,Same
21,609,327.27,Same
21,470,228.96,Same
22,254,291.72,Worse
22,717,445.16999999999996,Same
22,20,387.59000000000003,Same
23,227,30.769999999999982,Same
23,764,-367.64,Worse
23,820,-36.27000000000004,Worse
24,949,112.27999999999997,Worse
24,454,131.93,Same
24,586,-138.9,Same
25,625,0.9200000000000159,Same
25,847,-284.3,Same
25,505,-174.2,Same
26,389,-307.69,Same
26,962,-208.73,Better
26,75,-95.63999999999999,Same
27,889,-165.26,Same
27,286,-6.6299999999999955,Worse
27,622,-245.5,Worse
28,385,-122.14999999999998,Better
28,658,-119.04999999999998,Same
28,858,-121.51999999999998,Better
29,919,-56.670000000000016,Better
29,478,-227.99,Same
29,263,-230.85000000000002,Same
30,599,-207.5,Better
30,302,-311.15,Better
30,113,-358.4,Better
31,123,-30.310000000000002,Same
31,339,144.68,Worse
31,548,-245.83,Worse
32,341,-179.73,Better
32,722,102.42000000000002,Better
32,817,-73.08999999999997,Better
33,227,212.91000000000003,Better
33,82,-156.71999999999997,Worse
33,991,-90.22999999999999,Better
34,939,-108.47999999999999,Better
34,62,170.82000000000005,Better
34,137,-211.58999999999997,Worse
35,707,-138.92999999999998,Worse
35,446,117.28,Worse
35,456,266.35,Worse
36,808,-147.81,Worse
36,987,40.79000000000002,Same
36,685,-58.0,Worse
37,109,179.64999999999998,Worse
37,908,-56.53999999999999,Same
37,476,104.11000000000001,Worse
38,367,235.16,Better
38,918,299.25,Worse
38,512,391.59000000000003,Better
39,998,47.48999999999995,Better
39,30,4.979999999999961,Same
39,721,107.75,Better
40,308,43.960000000000036,Same
40,990,-201.58999999999997,Better
40,928,-311.73,Better
41,158,-237.64,Same
41,813,-342.96,Same
41,988,-171.73,Better
42,108,35.09000000000003,Better
42,909,-34.099999999999994,Better
42,253,-114.1,Same
43,193,-408.53999999999996,Worse
43,561,-405.97999999999996,Same
43,558,10.139999999999986,Worse
44,355,218.52999999999997,Worse
44,301,103.16000000000003,Worse
44,122,33.129999999999995,Same
45,112,-226.60999999999999,Worse
45,767,-24.779999999999973,Same
45,802,-30.17999999999995,Worse
46,588,8.889999999999986,Better
46,988,-6.150000000000006,Better
46,963,202.37,Same
47,800,37.480000000000004,Same
47,271,34.97,Same
47,982,22.25,Worse
48,408,295.56,Worse
48,594,7.530000000000001,Worse
48,644,141.73000000000002,Same
49,815,132.17,Better
49,786,249.45000000000002,Better
49,313,111.41,Same
50,472,49.19999999999999,Better
50,830,-127.48,Worse
50,789,-36.67,Better
51,499,-49.97999999999999,Worse
51,992,-188.03,Same
51,255,-7.2900000000000205,Same
52,132,423.52,Same
52,781,193.79000000000002,Worse
52,254,303.83,Worse
53,33,-174.22000000000003,Worse
53,674,23.19999999999999,Same
53,368,-18.840000000000032,Same
54,301,335.03000000000003,Same
54,242,197.37,Better
54,910,26.68,Better
55,262,98.94,Better
55,162,375.83,Better
55,302,37.8,Better
56,630,20.27000000000001,Same
56,762,123.47,Same
56,829,43.54999999999998,Same
57,818,-137.07999999999998,Worse
57,583,2.8500000000000227,Worse
57,661,-155.75,Same
58,377,71.55000000000001,Worse
58,494,24.71999999999997,Worse
58,895,-111.9,Same
59,12,-145.78,Better
59,196,-126.21999999999998,Same
59,622,101.84,Same
60,581,-103.36000000000001,Same
60,221,-124.79000000000002,Worse
60,697,-212.49,Same
61,457,418.79999999999995,Worse
61,535,74.07000000000001,Same
61,338,45.86,Worse
62,593,0.2799999999999727,Same
62,623,-382.62,Same
62,566,-291.01,Worse
63,654,198.13000000000005,Better
63,60,38.210000000000036,Better
63,444,-66.76999999999998,Better
64,277,-376.03999999999996,Same
64,263,-274.12,Worse
64,695,-366.99,Same
65,820,310.49,Same
65,466,152.4,Better
65,407,316.05999999999995,Better
66,581,-240.61,Same
66,664,-146.73000000000002,Worse
66,661,-313.05,Same
67,301,-5.169999999999959,Worse
67,235,-235.34999999999997,Same
67,622,-92.13,Worse
68,42,-202.85000000000002,Worse
68,468,-387.45000000000005,Worse
68,461,-211.07000000000002,Same
69,9,294.78000000000003,Worse
69,34,119.70999999999998,Worse
69,914,-81.47,Worse
70,68,200.77,Worse
70,952,238.20000000000002,Worse
70,344,-79.28,Worse
71,909,-273.64,Better
71,78,-412.93,Same
71,786,-19.50999999999999,Better
72,917,-410.91,Worse
72,215,-72.63999999999999,Worse
72,320,-79.32999999999998,Same
73,771,226.68,Same
73,796,-36.880000000000024,Same
73,198,-194.06,Worse
74,620,-418.95,Better
74,582,-210.7,Better
74,940,-364.49,Better
75,768,-40.620000000000005,Same
75,970,170.14,Better
75,263,-216.42000000000002,Same
76,426,-205.70000000000002,Better
76,168,26.589999999999975,Better
76,777,-67.80000000000001,Better
77,425,-61.75999999999999,Same
77,338,-214.98000000000002,Same
77,568,66.57999999999998,Better
78,785,155.82999999999998,Better
78,87,104.0,Better
78,13,231.82999999999998,Worse
79,505,-174.14,Same
79,73,-114.20999999999998,Same
79,104,42.410000000000025,Worse
80,666,-29.74000000000001,Same
80,146,23.430000000000007,Worse
80,452,125.29000000000002,Worse
81,180,54.09000000000003,Worse
81,826,147.51000000000005,Worse
81,51,-20.589999999999975,Same
82,679,129.84,Same
82,228,234.40999999999997,Same
82,418,139.42000000000002,Better
83,941,10.529999999999973,Worse
83,346,179.75,Worse
83,170,-234.24,Worse
84,25,-83.63,Same
84,613,-19.25999999999999,Worse
84,686,-189.63,Worse
85,982,-248.61,Worse
85,37,-105.32,Better
85,527,124.06,Worse
86,219,166.43,Better
86,999,-17.369999999999976,Better
86,935,-116.24999999999997,Worse
87,432,115.79000000000002,Same
87,5,78.44999999999999,Same
87,423,14.72999999999999,Same
88,10,-469.63,Same
88,74,-0.44999999999998863,Worse
88,203,-163.88,Same
89,889,11.389999999999986,Better
89,904,-306.66,Same
89,869,66.91999999999996,Better
90,187,197.94,Worse
90,516,312.93,Worse
90,455,16.129999999999995,Same
91,647,415.24,Better
91,639,143.73000000000002,Better
91,351,263.18,Better
92,470,242.26,Better
92,936,133.31,Better
92,911,-107.39000000000001,Worse
93,393,12.079999999999984,Same
93,535,-30.450000000000003,Same
93,709,-105.44000000000001,Same
94,574,29.340000000000032,Same
94,632,-284.53,Better
94,268,-441.78999999999996,Worse
95,434,-91.5,Worse
95,205,-43.620000000000005,Same
95,763,65.98000000000002,Worse
96,701,-214.38,Same
96,331,-150.2,Worse
96,986,-102.98999999999998,Worse
97,362,-4.2099999999999795,Worse
97,66,323.67,Same
97,482,60.870000000000005,Worse
98,460,4.599999999999994,Same
98,52,-199.89000000000001,Same
98,41,125.26999999999998,Worse
99,790,285.07,Better
99,390,399.92,Better
99,925,116.02000000000001,Same
100,220,28.509999999999998,Same
100,877,342.75,Same
100,710,298.37,Better
101,557,-69.96999999999997,Better
101,118,-48.89999999999998,Better
101,750,-398.84999999999997,Worse
102,88,448.94,Same
102,185,366.57,Same
102,698,82.94999999999999,Worse
103,585,1.509999999999991,Same
103,851,289.65,Better
103,482,117.50999999999999,Better
104,330,-347.08000000000004,Better
104,334,-263.69000000000005,Better
104,112,-251.62000000000003,Better
105,277,-405.59999999999997,Same
105,568,-61.99000000000001,Same
105,652,-69.32999999999998,Worse
106,519,60.849999999999994,Same
106,405,198.70999999999998,Better
106,447,-110.58,Better
107,224,351.8,Worse
107,146,369.75,Worse
107,337,320.56,Worse
108,402,99.5,Worse
108,432,11.310000000000002,Same
108,669,191.15999999999997,Same
109,969,-303.47999999999996,Better
109,676,-178.83999999999997,Worse
109,457,17.5,Worse
110,982,-268.36,Same
110,495,-231.75,Same
110,15,-166.19,Better
111,365,-60.46000000000001,Same
111,795,152.67000000000002,Better
111,651,-122.61000000000001,Better
112,326,-20.42999999999998,Better
112,245,-50.56999999999999,Worse
112,82,-49.29999999999998,Worse
113,917,31.97,Same
113,437,326.40999999999997,Same
113,439,42.339999999999996,Same
114,677,-223.41000000000003,Worse
114,89,11.259999999999991,Worse
114,947,-62.04000000000002,Better
115,364,46.150000000000034,Same
115,897,-218.14,Better
115,535,-223.04999999999995,Better
116,399,252.25,Same
116,339,271.16,Worse
116,232,-24.50999999999999,Worse
117,326,-238.33999999999997,Better
117,674,86.93,Better
117,957,-377.96999999999997,Better
118,530,-287.28000000000003,Same
118,275,91.75,Same
118,557,-21.069999999999993,Same
119,408,-36.09000000000003,Same
119,265,-34.84000000000003,Better
119,358,81.65999999999997,Same
120,449,262.42999999999995,Better
120,203,275.78999999999996,Better
120,304,411.26,Same
121,491,23.419999999999987,Same
121,556,358.11,Same
121,593,344.14,Same
122,21,-105.96000000000001,Same
122,656,114.22000000000003,Worse
122,685,-115.46000000000001,Worse
123,373,-52.80000000000001,Worse
123,198,-227.51,Worse
123,465,-87.0,Worse
124,467,269.87,Worse
124,21,28.44999999999999,Same
124,387,294.41999999999996,Worse
125,687,-3.5100000000000477,Same
125,556,183.81,Same
125,371,-243.33000000000004,Worse
126,770,-2.259999999999998,Same
126,849,183.77,Worse
126,741,237.91000000000003,Worse
127,715,342.66999999999996,Same
127,304,342.82000000000005,Worse
127,843,155.63000000000002,Worse
128,393,61.099999999999994,Better
128,970,416.78999999999996,Better
128,281,253.97,Worse
129,592,171.28000000000003,Same
129,655,20.480000000000018,Worse
129,558,244.39,Worse
130,601,-133.22000000000003,Same
130,501,74.45999999999998,Worse
130,918,-49.84000000000003,Worse
131,475,-175.65,Better
131,759,-264.33,Same
131,822,-124.02000000000001,Better
132,523,-391.03,Same
132,143,-16.980000000000018,Same
132,154,-69.47000000000003,Same
133,160,-44.33000000000004,Same
133,156,-51.76000000000005,Worse
133,923,-19.80000000000001,Worse
134,344,18.210000000000008,Worse
134,432,141.81000000000003,Same
134,521,-100.72999999999999,Worse
135,553,-7.320000000000022,Worse
135,491,-46.33000000000001,Same
135,172,163.59999999999997,Worse
136,372,434.38,Better
136,459,418.29,Better
136,666,280.4,Better
137,948,248.52999999999997,Same
137,412,-55.67,Same
137,71,359.49,Better
138,732,29.50999999999999,Better
138,955,-339.01,Better
138,249,-354.09999999999997,Same
139,578,66.38,Better
139,152,22.259999999999998,Same
139,548,49.699999999999996,Same
140,820,235.74999999999997,Worse
140,541,267.41999999999996,Same
140,104,234.08,Worse
141,398,-381.5,Better
141,303,-60.110000000000014,Better
141,483,-312.95,Same
142,941,317.01,Worse
142,438,490.39,Worse
142,325,96.28,Worse
143,22,-394.42999999999995,Same
143,20,-6.839999999999975,Same
143,688,-278.51,Same
144,77,-19.819999999999993,Same
144,386,-233.85,Better
144,492,-276.17,Better
145,41,173.73,Worse
145,350,267.54999999999995,Same
145,81,113.98999999999998,Same
146,485,-151.64,Better
146,169,-186.32,Better
146,46,-184.45,Same
147,491,-69.47999999999999,Better
147,42,-11.5,Worse
147,383,75.44,Same
148,807,-108.95999999999998,Better
148,724,-223.73999999999998,Better
148,83,-11.169999999999959,Better
149,597,-203.68999999999997,Same
149,74,140.72000000000003,Worse
149,592,21.640000000000043,Same
150,23,110.37,Better
150,857,-231.84000000000003,Same
150,360,-87.22000000000003,Same
151,695,-92.7,Same
151,502,381.79999999999995,Same
151,329,10.39,Worse
152,150,293.70000000000005,Worse
152,674,419.35,Better
152,139,-22.259999999999998,Same
153,234,56.329999999999984,Better
153,640,4.359999999999985,Same
153,214,-104.14000000000001,Better
154,577,-224.27999999999997,Worse
154,678,71.30000000000001,Worse
154,890,-114.60999999999996,Same
155,618,-411.78000000000003,Same
155,664,-145.90000000000003,Same
155,901,-205.06,Worse
156,482,-184.01999999999998,Better
156,742,-3.2899999999999636,Better
156,76,-149.02999999999997,Same
157,9,275.85,Same
157,376,183.42000000000002,Better
157,138,188.07999999999998,Same
158,460,116.97,Better
158,935,17.330000000000013,Worse
158,523,-55.03,Better
159,116,127.60999999999999,Same
159,674,400.16999999999996,Same
159,368,358.13,Same
160,599,-241.5,Same
160,66,71.35000000000002,Same
160,212,-170.0,Same
161,619,-41.50999999999999,Better
161,556,98.91000000000003,Better
161,13,-119.36000000000001,Same
162,97,-245.2,Same
162,978,-305.09,Same
162,664,-68.25999999999999,Worse
163,800,-291.32,Same
163,475,-226.41,Same
163,695,-392.05,Same
164,555,-195.64999999999998,Worse
164,886,-266.25,Worse
164,768,-156.64999999999998,Worse
165,740,-330.45000000000005,Worse
165,814,-177.52000000000004,Same
165,184,-21.05000000000001,Same
166,322,-97.69,Better
166,921,-127.47000000000003,Better
166,626,-132.52000000000004,Worse
167,95,-53.98000000000002,Same
167,605,-153.36,Worse
167,28,-147.14000000000004,Worse
168,964,167.72000000000003,Worse
168,737,-14.45999999999998,Same
168,260,-81.39999999999998,Same
169,51,87.12,Better
169,111,-61.44999999999999,Worse
169,591,62.58000000000001,Same
170,423,89.92999999999999,Better
170,639,97.98,Better
170,850,-22.58,Same
171,857,-359.90000000000003,Worse
171,23,-17.689999999999998,Same
171,760,-155.86,Same
172,461,-160.17,Same
172,564,-345.4,Worse
172,732,56.5,Better
173,738,-124.38,Same
173,479,-477.36,Worse
173,522,-238.28,Worse
174,621,10.860000000000014,Better
174,75,15.949999999999989,Same
174,151,-200.64000000000001,Better
175,221,140.79,Worse
175,903,181.59,Worse
175,852,103.18,Better
176,765,421.16,Same
176,281,321.32,Worse
176,336,199.66,Same
177,403,-53.5,Same
177,934,-58.75,Same
177,236,-144.31,Worse
178,1,-152.61,Same
178,347,-182.92000000000002,Better
178,804,80.85000000000002,Worse
179,361,92.64,Same
179,132,429.64,Better
179,841,27.33,Better
180,718,-341.62,Better
180,861,-177.54000000000002,Same
180,813,-337.31,Same
181,418,-76.78999999999996,Better
181,227,153.42000000000002,Better
181,764,-244.98999999999998,Worse
182,536,166.17,Better
182,34,172.68999999999997,Better
182,68,283.9,Better
183,657,205.39,Same
183,543,-125.54,Same
183,417,-138.29000000000002,Worse
184,106,-230.17000000000002,Worse
184,520,-246.97000000000003,Worse
184,109,66.59999999999997,Worse
185,821,23.090000000000032,Same
185,592,-37.15999999999997,Same
185,127,-288.86,Same
186,181,62.05000000000001,Same
186,205,61.910000000000025,Better
186,802,91.57000000000005,Worse
187,273,-48.49000000000001,Better
187,942,32.73000000000002,Better
187,455,-181.81,Better
188,637,359.93,Same
188,266,302.03000000000003,Worse
188,328,313.23,Worse
189,739,144.17,Better
189,931,336.28,Better
189,50,11.569999999999993,Same
190,42,-274.51,Same
190,121,-355.90999999999997,Better
190,838,-152.29999999999995,Better
191,303,249.82,Same
191,721,306.21000000000004,Worse
191,155,307.96000000000004,Worse
192,788,-426.68,Same
192,937,-437.38,Better
192,598,-283.47,Better
193,391,21.82,Better
193,118,329.57,Better
193,698,99.10999999999999,Same
194,401,345.54999999999995,Better
194,155,362.19000000000005,Better
194,209,283.49,Same
195,394,395.72,Same
195,506,279.36,Better
195,637,316.68,Better
196,869,363.83,Better
196,913,418.35,Better
196,44,211.86,Better
197,316,-159.89000000000001,Same
197,200,-33.02000000000004,Same
197,469,-179.33,Same
198,704,227.35999999999996,Better
198,993,163.07,Same
198,616,30.849999999999994,Same
199,9,54.47000000000003,Worse
199,56,-185.04,Same
199,507,-302.06,Same
200,208,76.74000000000001,Worse
200,546,-249.74999999999997,Same
200,47,-223.82,Same
201,826,410.73,Worse
201,146,341.83,Worse
201,642,-2.8100000000000023,Worse
202,101,3.3700000000000045,Worse
202,230,-62.629999999999995,Same
202,382,-199.22,Same
203,305,-264.03999999999996,Worse
203,692,-121.88,Worse
203,920,-213.99,Same
204,104,265.18000000000006,Worse
204,667,74.94000000000003,Worse
204,837,-4.9199999999999875,Worse
205,140,-149.23,Same
205,863,-247.38,Worse
205,245,-217.34,Worse
206,724,-87.93,Same
206,91,-155.35000000000002,Worse
206,354,50.56999999999999,Worse
207,972,-316.09999999999997,Worse
207,849,-184.18999999999997,Worse
207,622,-170.45,Worse
208,740,-331.37,Same
208,183,-183.83999999999997,Better
208,492,-352.18,Better
209,162,1.0600000000000023,Better
209,8,-9.539999999999964,Better
209,500,-127.63,Better
210,33,-45.620000000000005,Better
210,420,112.17000000000002,Better
210,374,57.85000000000002,Better
211,1000,-62.33999999999999,Same
211,338,-108.61,Worse
211,291,-137.39,Worse
212,55,-212.95,Worse
212,872,-16.399999999999977,Same
212,214,-169.23,Same
213,554,-98.48000000000002,Same
213,46,45.78999999999999,Worse
213,166,283.27,Worse
214,965,187.3,Same
214,618,-2.029999999999994,Worse
214,141,411.72,Worse
215,998,30.66999999999996,Better
215,8,4.439999999999998,Better
215,406,-180.33,Better
216,907,-31.920000000000016,Worse
216,813,-370.29,Worse
216,689,-182.62000000000003,Same
217,946,44.0,Same
217,797,298.26,Same
217,409,256.42999999999995,Worse
218,76,-35.73000000000002,Worse
218,961,72.89999999999998,Worse
218,654,214.75,Same
219,573,-177.01,Same
219,717,69.75,Same
219,614,-24.74000000000001,Worse
220,910,-56.269999999999996,Better
220,602,24.92,Better
220,971,53.010000000000005,Worse
221,590,-96.32,Same
221,30,156.69,Same
221,664,115.31,Better
222,588,76.35,Same
222,501,340.72,Worse
222,756,370.90999999999997,Worse
223,138,47.25999999999999,Worse
223,630,-84.20999999999998,Better
223,593,131.06,Better
224,80,-5.480000000000018,Better
224,788,-311.6,Worse
224,213,-212.29,Better
225,791,325.7,Worse
225,630,113.29000000000002,Better
225,838,188.03000000000003,Same
226,504,40.18000000000001,Better
226,913,88.44,Better
226,286,137.01999999999998,Better
227,95,-109.94,Same
227,484,-115.88,Same
227,295,-131.45,Worse
228,847,-260.14,Better
228,820,68.18,Same
228,448,-316.33,Better
229,423,-234.26000000000002,Better
229,172,-27.650000000000034,Better
229,125,-86.69999999999999,Better
230,102,-296.31,Same
230,18,-52.52999999999997,Same
230,101,66.0,Worse
231,32,3.0299999999999727,Worse
231,300,-121.30000000000001,Worse
231,159,-312.47,Same
232,7,-145.38,Better
232,612,240.17000000000002,Same
232,204,-21.330000000000013,Better
233,223,-21.879999999999995,Better
233,825,94.82999999999998,Same
233,687,-64.17000000000002,Better
234,215,156.60000000000002,Worse
234,194,-112.91,Worse
234,757,-109.36,Worse
235,574,367.14,Worse
235,808,-45.120000000000005,Worse
235,358,349.90999999999997,Worse
236,922,266.76,Better
236,1000,19.400000000000006,Better
236,174,213.47000000000003,Same
237,735,45.74000000000001,Worse
237,119,61.33000000000004,Same
237,575,-216.27999999999997,Same
238,171,360.34000000000003,Same
238,167,317.46000000000004,Same
238,539,203.51,Worse
239,465,-9.129999999999995,Worse
239,334,-62.650000000000006,Better
239,649,270.8,Worse
240,709,-445.75,Same
240,475,-286.33000000000004,Same
240,982,-366.47,Worse
241,302,-410.64,Worse
241,312,-240.48,Worse
241,414,-55.60000000000002,Worse
242,575,-101.88,Worse
242,735,160.14,Worse
242,487,280.66,Same
243,476,212.46,Same
243,905,197.80999999999997,Better
243,925,17.75,Worse
244,540,266.0,Worse
244,963,313.36,Worse
244,918,259.95,Worse
245,613,324.21000000000004,Same
245,772,223.89000000000001,Better
245,25,259.84000000000003,Better
246,743,-83.08000000000004,Same
246,241,7.96999999999997,Better
246,273,-257.21000000000004,Better
247,230,168.13,Better
247,472,19.349999999999994,Better
247,819,118.5,Better
248,228,206.35999999999999,Same
248,341,61.69,Better
248,73,116.25000000000003,Better
249,233,328.71999999999997,Same
249,786,395.19,Better
249,610,25.130000000000003,Same
250,546,-171.32999999999998,Better
250,495,-86.53999999999999,Worse
250,109,199.79,Same
251,795,-141.42999999999995,Same
251,871,-16.339999999999975,Same
251,136,-379.9,Worse
252,216,213.98000000000002,Better
252,337,156.32999999999998,Same
252,540,176.07999999999998,Same
253,866,129.3,Better
253,785,96.53999999999999,Better
253,190,388.61,Same
254,691,-19.850000000000023,Better
254,512,97.05000000000001,Better
254,894,-97.00999999999999,Better
255,538,-51.74999999999997,Worse
255,501,195.3,Worse
255,367,6.910000000000025,Same
256,958,-192.64,Same
256,398,-273.81,Same
256,550,-270.94,Same
257,101,101.81,Worse
257,394,143.22000000000003,Worse
257,127,-182.79,Same
258,426,-65.9,Worse
258,924,219.98000000000002,Same
258,479,-94.55,Worse
259,671,50.76000000000002,Better
259,987,45.49000000000001,Better
259,559,95.21000000000001,Better
260,362,-45.25999999999999,Worse
260,214,-127.96000000000001,Same
260,97,-41.05000000000001,Same
261,585,-206.08999999999997,Worse
261,246,158.88000000000005,Worse
261,958,-126.47999999999996,Better
262,401,337.89,Better
262,938,42.28,Same
262,302,-61.13999999999999,Same
263,844,291.34000000000003,Same
263,508,55.38000000000001,Better
263,572,130.7,Better
264,929,275.19,Better
264,919,177.01,Better
264,403,80.63999999999999,Better
265,663,143.43,Same
265,89,-21.339999999999975,Worse
265,2,103.19,Worse
266,584,-105.98000000000002,Better
266,980,39.20999999999998,Better
266,582,-28.99000000000001,Better
267,798,388.53,Same
267,298,2.1999999999999993,Same
267,275,436.62,Same
268,299,114.01,Better
268,663,480.83,Better
268,44,231.01,Better
269,891,208.39999999999998,Same
269,396,-91.62,Worse
269,213,-11.789999999999992,Same
270,557,237.46000000000004,Same
270,127,22.83,Same
270,384,370.45,Worse
271,874,149.23000000000002,Worse
271,417,-56.53999999999999,Worse
271,709,-92.0,Same
272,457,329.2,Same
272,908,75.51,Better
272,899,343.65000000000003,Better
273,426,-162.47,Worse
273,173,286.24,Same
273,550,-106.44999999999999,Same
274,712,-37.829999999999984,Worse
274,511,-86.26999999999998,Worse
274,783,-173.57,Worse
275,692,-241.98000000000002,Worse
275,995,-239.91000000000003,Same
275,716,-349.96000000000004,Same
276,459,201.44,Same
276,145,-75.88000000000002,Same
276,244,-178.72000000000003,Same
277,766,56.17,Worse
277,61,16.19,Same
277,393,132.79,Same
278,134,-55.71000000000001,Same
278,669,265.95,Same
278,352,83.55000000000001,Worse
279,104,78.32000000000005,Worse
279,957,-333.35999999999996,Same
279,181,-6.389999999999986,Worse
280,389,103.82000000000001,Same
280,174,299.92,Same
280,887,415.06,Better
281,480,48.629999999999995,Same
281,873,-204.95,Better
281,949,102.38,Same
282,383,-6.699999999999989,Worse
282,62,168.82000000000005,Same
282,461,-101.85999999999999,Worse
283,352,-118.90999999999997,Same
283,383,-75.82,Better
283,56,-135.55999999999997,Better
284,130,96.93,Better
284,718,-283.56,Better
284,111,-165.19,Worse
285,584,141.22,Better
285,940,64.41999999999999,Better
285,561,-33.18000000000001,Better
286,196,-466.93,Worse
286,100,-432.5,Same
286,431,-115.00999999999999,Worse
287,300,255.12,Worse
287,198,60.22,Worse
287,608,56.17999999999999,Better
288,904,-367.77000000000004,Same
288,671,-124.43,Better
288,196,-358.02000000000004,Same
289,753,-110.23999999999998,Better
289,738,144.14000000000001,Better
289,156,174.54,Same
290,757,-17.810000000000016,Worse
290,406,67.82,Worse
290,303,282.68999999999994,Same
291,176,-28.93,Same
291,310,235.86,Better
291,99,-2.0500000000000043,Worse
292,6,177.88,Worse
292,521,-167.81,Worse
292,249,-146.83,Worse
293,871,358.24,Same
293,284,245.67000000000002,Worse
293,918,292.76,Worse
294,688,16.69999999999999,Same
294,3,-9.060000000000002,Worse
294,372,333.51,Same
295,505,-153.81,Better
295,287,-348.16,Same
295,407,69.97999999999996,Same
296,761,-4.079999999999998,Worse
296,212,153.19,Same
296,260,111.92,Same
297,283,-47.93000000000001,Worse
297,13,-152.25,Worse
297,135,-222.33999999999997,Same
298,266,296.04,Worse
298,884,366.14,Worse
298,839,329.3,Worse
299,436,261.74,Same
299,487,363.16,Better
299,672,199.75,Better
300,957,-255.9,Better
300,674,209.0,Better
300,228,89.26999999999998,Same
301,14,-61.73000000000002,Same
301,511,-17.120000000000005,Same
301,646,-263.97,Same
302,917,-15.280000000000001,Same
302,776,95.88999999999999,Better
302,516,308.94,Worse
303,794,4.689999999999998,Worse
303,737,-156.70999999999998,Same
303,458,-280.92999999999995,Worse
304,328,-142.55,Same
304,668,-222.68,Better
304,202,-61.59000000000003,Better
305,648,122.81,Better
305,340,-33.49,Better
305,836,240.42999999999998,Better
306,731,261.46,Better
306,115,120.14999999999998,Same
306,555,45.56,Better
307,441,103.50000000000001,Better
307,140,164.28,Better
307,360,238.70999999999998,Same
308,486,-350.15000000000003,Better
308,928,-355.69000000000005,Better
308,672,-86.29000000000002,Better
309,179,-401.28999999999996,Same
309,86,-174.07,Same
309,284,-133.71999999999997,Same
310,886,-101.01000000000002,Worse
310,469,-119.32000000000002,Same
310,115,44.17999999999995,Worse
311,467,-15.520000000000039,Worse
311,849,-181.65,Worse
311,979,-145.18,Same
312,853,160.52,Better
312,981,-185.76,Same
312,406,-27.5,Better
313,199,130.25,Better
313,895,-111.53999999999999,Better
313,474,131.68,Better
314,909,-3.4000000000000057,Same
314,623,-89.46000000000001,Same
314,815,133.45,Same
315,417,-254.57999999999998,Worse
315,905,21.99000000000001,Same
315,922,50.370000000000005,Worse
316,389,-62.959999999999994,Worse
316,151,-67.5,Same
316,318,132.73,Worse
317,172,136.45999999999998,Better
317,930,68.94,Better
317,402,119.10000000000002,Same
318,475,-127.28999999999999,Better
318,462,-14.560000000000002,Better
318,64,74.06,Better
319,970,265.37,Better
319,546,-176.74,Better
319,495,-91.95000000000002,Same
320,693,-188.87000000000003,Same
320,580,-148.00000000000003,Same
320,581,-140.41000000000003,Same
321,751,223.52,Same
321,508,-40.5,Better
321,492,-177.12,Better
322,841,-278.16,Same
322,46,-139.79000000000002,Worse
322,824,-98.60000000000002,Worse
323,252,-144.65999999999997,Same
323,891,50.81,Better
323,711,12.82000000000005,Same
324,343,77.07,Better
324,846,-292.93,Worse
324,724,-272.6,Better
325,551,87.85000000000001,Same
325,346,389.95000000000005,Better
325,930,204.98000000000002,Better
326,758,176.51,Worse
326,796,78.54999999999998,Same
326,892,346.57,Worse
327,949,427.76,Same
327,508,157.02,Better
327,469,149.53,Better
328,582,-40.19,Better
328,188,-313.23,Better
328,120,-268.71000000000004,Same
329,552,85.36,Better
329,502,371.40999999999997,Better
329,831,311.05,Better
330,764,17.38000000000001,Worse
330,771,417.14000000000004,Same
330,842,403.58000000000004,Same
331,426,-46.550000000000004,Same
331,583,232.51000000000002,Same
331,522,163.88,Same
332,870,-187.56,Same
332,222,-125.27000000000001,Same
332,540,97.19999999999999,Worse
333,487,55.81,Better
333,656,-43.0,Better
333,677,-339.97,Same
334,181,178.98,Worse
334,287,-147.21,Worse
334,295,200.95000000000002,Worse
335,449,169.11999999999998,Better
335,821,287.08000000000004,Better
335,692,60.599999999999994,Same
336,765,221.50000000000003,Same
336,445,102.27000000000001,Better
336,641,177.57000000000002,Better
337,824,-94.07,Better
337,46,-135.26,Same
337,51,-50.00999999999999,Better
338,514,185.95,Better
338,543,1.4300000000000068,Better
338,478,42.730000000000004,Same
339,228,-118.33000000000004,Worse
339,117,-85.53000000000003,Same
339,341,-263.0,Better
340,854,30.15,Worse
340,515,440.21999999999997,Same
340,830,-16.68,Worse
341,334,-52.50999999999999,Same
341,659,201.99000000000004,Same
341,23,249.12000000000003,Same
342,759,24.61,Same
342,430,13.349999999999994,Worse
342,329,50.739999999999995,Worse
343,138,-47.81,Worse
343,9,39.960000000000036,Worse
343,631,-328.90999999999997,Same
344,846,-66.05,Worse
344,5,86.25999999999999,Better
344,941,177.38,Same
345,290,-244.73999999999998,Better
345,738,-12.259999999999991,Better
345,30,-8.430000000000007,Worse
346,471,-23.660000000000025,Worse
346,78,-442.79,Same
346,5,-260.34000000000003,Better
347,308,352.65000000000003,Worse
347,511,269.65000000000003,Worse
347,632,109.86,Same
348,197,-125.45999999999998,Better
348,543,-391.12,Better
348,645,-15.159999999999968,Same
349,891,-37.68000000000001,Same
349,642,-372.27,Worse
349,841,-350.45,Same
350,146,-74.94999999999999,Worse
350,22,-406.87,Same
350,933,-237.64,Worse
351,792,-255.70000000000002,Same
351,815,29.909999999999968,Same
351,497,-46.880000000000024,Worse
352,206,-78.84,Better
352,880,-129.25,Better
352,253,-157.95000000000002,Same
353,692,-145.45999999999998,Worse
353,202,50.30000000000001,Better
353,149,-0.8700000000000045,Better
354,13,42.859999999999985,Worse
354,402,119.01000000000002,Worse
354,955,-175.65,Better
355,518,-172.89,Better
355,736,-154.5,Better
355,217,-296.0,Better
356,57,238.91,Same
356,938,83.13,Worse
356,30,290.86,Worse
357,383,116.73999999999998,Worse
357,883,-29.810000000000002,Same
357,945,252.29,Same
358,503,-95.38,Same
358,869,-70.92000000000002,Better
358,467,-54.30000000000001,Same
359,947,236.64000000000001,Same
359,609,479.33,Same
359,979,263.82,Same
360,950,-190.45,Better
360,368,170.82999999999998,Better
360,23,197.59000000000003,Better
361,554,-71.21000000000001,Better
361,781,107.27000000000001,Worse
361,666,204.33999999999997,Better
362,479,-134.28,Same
362,743,230.96999999999997,Worse
362,581,87.26999999999998,Better
363,181,193.48,Worse
363,823,150.31000000000003,Worse
363,802,223.00000000000003,Worse
364,725,22.310000000000002,Same
364,713,-324.76,Better
364,641,22.110000000000014,Better
365,824,164.97,Better
365,988,117.63,Better
365,180,283.71000000000004,Better
366,59,-274.16999999999996,Worse
366,811,-35.98999999999995,Worse
366,609,65.91000000000003,Same
367,601,-19.29000000000002,Same
367,132,179.07,Same
367,201,-242.25,Same
368,674,42.04000000000002,Same
368,465,-221.34999999999997,Worse
368,45,-36.19,Same
369,57,-17.170000000000016,Better
369,76,-87.68,Worse
369,585,-238.67000000000002,Worse
370,606,102.97999999999996,Better
370,511,-64.06,Same
370,956,-56.75,Same
371,474,364.1,Better
371,34,242.07,Better
371,526,-64.53,Better
372,322,-145.46999999999997,Same
372,146,-100.81,Worse
372,499,-249.98999999999998,Worse
373,167,188.72000000000003,Better
373,823,48.09000000000003,Same
373,767,126.18,Better
374,758,-54.81,Worse
374,820,42.39999999999998,Worse
374,307,-357.63,Worse
375,309,383.52,Worse
375,589,260.39,Worse
375,591,208.64000000000001,Worse
376,909,-208.38000000000002,Same
376,225,-240.10000000000002,Worse
376,134,-269.69000000000005,Same
377,83,-64.25,Better
377,619,-17.610000000000014,Better
377,313,-71.91000000000003,Same
378,366,205.52999999999997,Better
378,217,-60.47,Better
378,653,-115.45,Better
379,23,6.660000000000025,Same
379,612,-34.95999999999998,Worse
379,112,-282.9,Worse
380,655,77.80000000000001,Worse
380,973,-129.0,Same
380,203,184.25,Same
381,741,13.03000000000003,Better
381,431,96.49000000000001,Same
381,259,-72.6,Same
382,854,-142.04,Worse
382,692,3.460000000000008,Worse
382,789,-98.05999999999999,Same
383,297,123.75,Better
383,34,4.699999999999989,Same
383,404,-21.889999999999986,Better
384,43,-32.94999999999999,Better
384,592,-95.91999999999996,Better
384,127,-347.62,Better
385,708,208.24,Worse
385,441,-38.31999999999999,Same
385,434,123.81,Worse
386,759,23.010000000000005,Worse
386,615,19.340000000000003,Same
386,281,262.65999999999997,Worse
387,878,-65.25,Better
387,436,-48.39999999999998,Better
387,990,-269.65,Better
388,830,-357.09999999999997,Same
388,702,-319.53,Better
388,305,-306.92999999999995,Same
389,236,-17.370000000000005,Same
389,454,341.40000000000003,Better
389,793,338.0,Better
390,319,-208.03,Worse
390,208,-58.28000000000003,Worse
390,740,-389.65000000000003,Worse
391,648,138.17000000000002,Better
391,579,438.15,Same
391,472,141.87,Better
392,947,200.11,Same
392,467,356.95,Worse
392,422,108.14,Worse
393,211,37.870000000000005,Same
393,527,334.43,Worse
393,469,17.02000000000001,Same
394,230,-107.41000000000003,Better
394,789,-342.06,Better
394,821,-14.060000000000002,Better
395,50,-282.35,Worse
395,716,-325.48,Same
395,819,-134.0,Worse
396,690,364.73,Better
396,756,429.07,Same
396,788,-19.479999999999997,Same
397,432,166.57000000000002,Same
397,317,135.66,Worse
397,603,-19.310000000000002,Worse
398,30,275.01,Worse
398,516,272.8,Worse
398,927,-18.33,Same
399,424,-246.01,Worse
399,159,-379.86,Same
399,307,-431.27,Worse
400,815,63.670000000000016,Same
400,69,-67.14999999999998,Same
400,900,-228.91999999999996,Worse
401,261,-155.24,Worse
401,917,-414.31,Worse
401,60,-119.77999999999997,Same
402,314,-165.29000000000002,Better
402,974,-18.27000000000004,Better
402,619,1.6999999999999886,Better
403,476,162.22000000000003,Worse
403,469,-29.919999999999987,Same
403,106,-59.00999999999999,Worse
404,474,148.62,Same
404,108,-29.95999999999998,Same
404,639,-111.66,Same
405,751,101.89000000000004,Worse
405,435,142.48000000000002,Same
405,568,24.180000000000007,Same
406,256,167.29,Better
406,654,296.51,Better
406,998,210.99999999999997,Same
407,112,-258.86,Same
407,123,-130.40999999999997,Better
407,855,-326.45,Better
408,882,-298.32,Better
408,972,-234.58999999999997,Worse
408,427,-246.95,Better
409,122,-145.82999999999998,Better
409,378,-195.95999999999998,Same
409,735,-53.31999999999999,Worse
410,874,-102.90999999999997,Same
410,310,-90.27999999999997,Better
410,908,-178.10999999999999,Better
411,894,-214.11,Better
411,933,-239.59000000000003,Same
411,545,-300.74,Same
412,5,184.68,Better
412,941,275.8,Better
412,948,304.2,Same
413,788,-211.61999999999998,Same
413,158,-138.57999999999998,Better
413,921,43.49000000000001,Better
414,730,-165.82999999999998,Worse
414,153,-244.97999999999996,Worse
414,728,-174.65999999999997,Same
415,580,-54.72,Better
415,776,-127.13,Better
415,761,-205.14,Better
416,437,299.03,Worse
416,477,450.26,Worse
416,273,165.32999999999998,Same
417,93,69.98,Better
417,709,-35.46000000000001,Better
417,759,35.28,Better
418,227,230.20999999999998,Same
418,171,217.13,Same
418,363,-116.69000000000003,Same
419,279,4.449999999999989,Same
419,764,-246.92999999999998,Worse
419,385,-173.76999999999998,Same
420,434,-146.32,Worse
420,667,-203.82999999999998,Worse
420,898,-328.7,Same
421,482,100.09,Better
421,924,215.26000000000002,Better
421,439,-58.519999999999996,Better
422,288,226.38000000000002,Same
422,21,7.389999999999986,Better
422,671,101.95000000000002,Better
423,647,279.56000000000006,Same
423,623,-65.5,Same
423,564,-138.79,Worse
424,857,-91.17,Same
424,658,-40.34,Same
424,997,20.069999999999993,Better
425,535,-125.01,Better
425,321,-17.47,Same
425,520,-111.35000000000001,Same
426,640,131.43,Worse
426,661,120.46000000000001,Better
426,942,243.69000000000003,Better
427,609,396.25,Same
427,859,262.43,Worse
427,594,-41.08,Worse
428,185,-28.55000000000001,Same
428,266,-128.33999999999997,Worse
428,391,-389.46,Worse
429,618,-45.26,Worse
429,96,130.58999999999997,Same
429,958,68.16000000000001,Same
430,844,318.51,Same
430,240,386.27,Better
430,729,-14.579999999999998,Better
431,663,109.75999999999999,Better
431,470,16.069999999999993,Better
431,355,78.46999999999997,Same
432,87,-115.79000000000002,Same
432,526,-261.36,Same
432,13,12.039999999999964,Worse
433,146,212.07999999999998,Worse
433,907,188.62,Worse
433,598,25.73999999999998,Same
434,541,166.07,Better
434,752,90.75999999999999,Same
434,465,-77.44,Same
435,652,-125.63999999999999,Worse
435,519,-280.34000000000003,Worse
435,442,-120.10000000000002,Same
436,878,-16.850000000000023,Better
436,431,-4.680000000000007,Worse
436,504,13.490000000000009,Better
437,39,27.010000000000048,Worse
437,927,-261.34999999999997,Better
437,30,31.99000000000001,Worse
438,402,-138.96999999999997,Worse
438,142,-490.39,Better
438,249,-448.71999999999997,Worse
439,607,364.63,Better
439,699,271.61,Worse
439,273,150.37,Better
440,781,-211.23999999999998,Same
440,795,-156.09999999999997,Better
440,180,-85.51999999999998,Better
441,368,306.03999999999996,Same
441,796,101.35999999999999,Same
441,117,261.15,Worse
442,713,-307.10999999999996,Worse
442,115,-28.5,Worse
442,916,44.30000000000001,Same
443,431,56.03000000000003,Worse
443,114,-10.239999999999952,Worse
443,622,-67.82999999999998,Worse
444,160,170.88,Better
444,585,-136.57,Worse
444,241,236.37,Better
445,912,101.90999999999997,Same
445,641,75.30000000000001,Same
445,29,26.5,Worse
446,739,-24.00999999999999,Better
446,620,-225.39999999999998,Better
446,285,-235.35999999999999,Same
447,197,319.0,Same
447,800,99.64,Same
447,165,361.8,Same
448,858,126.93,Better
448,65,74.02000000000001,Worse
448,847,56.190000000000005,Better
449,561,-285.29999999999995,Better
449,558,130.82,Same
449,530,-245.57,Better
450,137,-186.07999999999998,Worse
450,474,147.54000000000002,Same
450,383,20.810000000000002,Worse
451,158,-185.01999999999998,Better
451,756,190.49,Same
451,413,-46.44,Same
452,538,-260.1,Worse
452,499,-251.04,Same
452,921,-176.3,Better
453,492,-467.07000000000005,Same
453,725,-105.98000000000002,Worse
453,915,-475.33000000000004,Worse
454,922,-92.01000000000005,Worse
454,949,-19.650000000000034,Worse
454,417,-396.96000000000004,Worse
455,516,296.8,Worse
455,290,62.70000000000002,Same
455,296,9.820000000000007,Same
456,230,-107.69999999999999,Better
456,304,16.52000000000004,Same
456,806,-376.26,Same
457,163,-33.889999999999986,Better
457,480,-60.69999999999999,Same
457,1000,-326.66999999999996,Better
458,141,341.03999999999996,Worse
458,917,-91.88,Same
458,567,78.24000000000001,Same
459,276,-201.44,Same
459,665,-174.36,Worse
459,666,-137.89000000000004,Same
460,744,115.63000000000002,Same
460,3,-102.22,Worse
460,41,120.66999999999999,Worse
461,785,-9.340000000000003,Better
461,603,-131.26,Same
461,125,101.12000000000003,Better
462,527,179.8,Worse
462,800,-177.64,Better
462,502,196.13,Better
463,967,-200.33,Worse
463,765,-1.8999999999999773,Worse
463,652,-91.13,Worse
464,737,-39.56,Better
464,901,-29.769999999999982,Worse
464,90,-244.37,Better
465,763,234.92000000000002,Same
465,407,217.40999999999997,Better
465,368,221.34999999999997,Better
466,578,-165.59,Same
466,287,-254.48000000000002,Worse
466,837,-113.68,Worse
467,54,-400.46,Worse
467,534,-78.85999999999996,Better
467,804,-88.42999999999995,Worse
468,517,11.560000000000002,Better
468,909,150.5,Better
468,587,-29.599999999999994,Same
469,442,191.99999999999997,Same
469,151,-48.06,Same
469,740,-108.32,Worse
470,677,-305.75,Worse
470,11,-156.57,Worse
470,741,-99.52999999999997,Worse
471,785,-263.3,Better
471,786,-25.70999999999998,Better
471,87,-315.13,Better
472,973,-175.72,Same
472,456,256.48,Worse
472,951,93.94000000000003,Same
473,186,-92.77000000000004,Worse
473,424,-159.11,Worse
473,748,-359.79,Same
474,610,-363.7,Worse
474,412,-389.29,Worse
474,623,-333.83000000000004,Same
475,731,279.92999999999995,Same
475,563,-7.280000000000001,Same
475,759,-88.67999999999999,Worse
476,726,-102.12,Worse
476,899,107.49000000000001,Same
476,163,59.14999999999998,Better
477,155,-14.71999999999997,Better
477,701,-465.03,Better
477,133,-40.90999999999997,Better
478,887,312.75,Better
478,790,211.51,Better
478,250,112.91999999999999,Better
479,72,441.29,Better
479,141,463.3,Worse
479,493,265.67,Same
480,61,-358.09999999999997,Better
480,932,18.689999999999998,Better
480,520,-270.37,Same
481,685,99.48999999999998,Worse
481,783,180.56,Worse
481,301,284.98,Worse
482,544,-192.1,Same
482,961,143.62,Worse
482,852,-36.849999999999994,Better
483,872,54.06,Better
483,661,-1.240000000000009,Better
483,998,248.96999999999997,Better
484,752,5.199999999999989,Worse
484,248,-225.70000000000002,Worse
484,374,6.439999999999998,Same
485,361,-105.87,Same
485,252,-53.879999999999995,Worse
485,498,-22.97,Worse
486,422,100.89,Worse
486,207,367.76,Same
486,286,436.18,Worse
487,12,-477.58000000000004,Same
487,94,-35.38000000000005,Worse
487,660,-136.29000000000002,Worse
488,132,388.62,Same
488,591,185.39000000000001,Worse
488,254,268.93,Worse
489,822,-18.53,Better
489,327,-244.57,Same
489,905,82.44999999999999,Better
490,386,-218.33,Better
490,447,-271.19,Better
490,174,21.060000000000002,Worse
491,346,327.38,Worse
491,292,29.650000000000006,Same
491,233,211.54,Worse
492,315,284.63,Same
492,447,-10.54,Same
492,586,156.18,Same
493,942,6.670000000000016,Better
493,860,192.86,Worse
493,356,-199.72,Better
494,225,-172.89,Better
494,521,-303.21,Same
494,283,55.69,Same
495,729,-70.99,Better
495,306,62.0,Same
495,765,294.34000000000003,Better
496,230,71.45999999999998,Better
496,428,170.26999999999998,Better
496,188,-260.1,Better
497,49,-55.379999999999995,Worse
497,566,-54.50999999999999,Same
497,948,102.61999999999998,Worse
498,642,-170.03,Same
498,591,50.870000000000005,Better
498,488,-134.52,Better
499,130,163.53,Better
499,744,125.27000000000001,Better
499,309,200.31999999999996,Same
500,156,128.38,Worse
500,903,-14.079999999999984,Worse
500,697,-142.57999999999998,Same
501,935,-327.99,Same
501,992,-376.03999999999996,Better
501,673,-230.2,Better
502,555,-244.82999999999998,Worse
502,982,-389.0,Worse
502,897,-388.38,Worse
503,936,-80.32999999999998,Better
503,797,93.28000000000003,Better
503,242,-162.01,Better
504,911,-351.75,Worse
504,370,-8.129999999999995,Worse
504,226,-40.18000000000001,Worse
505,466,60.129999999999995,Same
505,802,161.36,Worse
505,65,-92.27000000000001,Worse
506,88,161.57999999999998,Same
506,854,-269.68,Worse
506,230,8.949999999999989,Same
507,190,364.33,Worse
507,352,133.67000000000002,Worse
507,157,80.68,Worse
508,887,260.23,Same
508,61,-141.11,Same
508,478,-52.52000000000001,Worse
509,625,-28.079999999999984,Same
509,204,-251.83,Same
509,616,-306.48,Worse
510,663,350.76,Better
510,17,-44.64,Better
510,944,182.88,Better
511,503,41.46999999999997,Better
511,911,-279.56,Same
511,977,-103.69000000000003,Same
512,824,-200.11,Worse
512,588,-232.41000000000003,Same
512,907,-80.31,Worse
513,723,-179.05,Worse
513,739,-116.61000000000001,Same
513,836,-86.09000000000003,Same
514,962,-42.75,Same
514,75,70.34,Worse
514,280,-245.53,Worse
515,692,-264.57,Worse
515,984,-327.63,Same
515,592,-98.33999999999997,Same
516,958,-191.63,Better
516,133,80.54000000000002,Better
516,998,44.71999999999997,Better
517,397,52.870000000000005,Better
517,866,188.24,Better
517,825,421.42999999999995,Worse
518,235,-172.65999999999997,Better
518,672,37.110000000000014,Better
518,797,175.15000000000003,Better
519,197,147.57000000000002,Better
519,645,257.87,Same
519,490,99.76000000000002,Better
520,586,72.94000000000001,Better
520,115,209.39,Same
520,899,345.52000000000004,Better
521,945,418.63,Better
521,402,330.73,Same
521,34,287.78,Better
522,624,101.53,Same
522,429,-144.26999999999998,Better
522,493,26.590000000000003,Same
523,711,263.5,Worse
523,588,135.98,Same
523,460,172.0,Same
524,958,-24.669999999999987,Better
524,482,11.719999999999999,Same
524,401,257.04999999999995,Better
525,685,20.44999999999999,Worse
525,301,205.94000000000003,Worse
525,408,207.92,Same
526,885,185.76,Same
526,939,198.11999999999998,Same
526,553,195.98999999999998,Worse
527,110,-104.31,Same
527,657,-72.81,Better
527,442,-125.41000000000003,Better
528,850,-28.67,Same
528,952,378.78000000000003,Better
528,846,-4.75,Same
529,546,8.490000000000002,Better
529,765,387.62,Same
529,469,111.93,Better
530,620,3.4099999999999966,Same
530,584,134.67000000000002,Same
530,50,72.2,Worse
531,974,207.46999999999997,Same
531,945,313.64,Same
531,909,57.04999999999998,Same
532,562,231.2,Same
532,159,-6.739999999999995,Same
532,898,25.099999999999994,Same
533,522,51.609999999999985,Worse
533,302,-141.81,Worse
533,757,-84.78000000000002,Worse
534,366,98.79999999999995,Same
534,972,-219.18,Worse
534,217,-167.20000000000002,Same
535,759,-4.25,Worse
535,713,-55.56,Worse
535,886,77.86,Worse
536,376,89.16000000000003,Better
536,528,-223.62,Worse
536,412,-260.74,Worse
537,715,160.69,Better
537,353,48.94999999999999,Same
537,388,68.25999999999999,Worse
538,756,277.24,Same
538,485,6.599999999999994,Better
538,907,134.78,Better
539,763,125.95000000000005,Same
539,116,-118.13999999999999,Better
539,31,8.340000000000032,Better
540,52,-314.59,Better
540,361,-228.07,Better
540,960,-314.28999999999996,Better
541,339,18.480000000000018,Worse
541,330,-380.42,Same
541,892,41.18000000000001,Worse
542,838,100.38000000000002,Better
542,952,218.45000000000002,Better
542,317,-6.340000000000003,Same
543,447,-53.34,Same
543,563,103.92999999999999,Same
543,814,130.94,Same
544,942,265.08000000000004,Better
544,699,305.1,Worse
544,580,206.7,Better
545,350,298.78999999999996,Better
545,547,-63.94999999999999,Same
545,294,-8.859999999999985,Better
546,949,381.66999999999996,Worse
546,514,201.63,Same
546,462,241.04999999999998,Worse
547,891,277.74,Better
547,867,-71.78,Better
547,801,-11.89,Same
548,616,18.86,Worse
548,767,288.9,Better
548,991,104.25999999999999,Better
549,601,84.27999999999997,Better
549,111,-44.620000000000005,Worse
549,276,86.43,Better
550,97,53.81999999999999,Same
550,406,103.65,Worse
550,483,65.68,Worse
551,253,-81.4,Same
551,170,-111.89,Same
551,233,186.26,Same
552,240,263.52,Same
552,75,120.84,Worse
552,165,174.44000000000003,Same
553,161,196.77,Same
553,325,-101.58,Same
553,603,-120.50999999999999,Better
554,440,389.71999999999997,Worse
554,801,29.04,Worse
554,452,430.58,Worse
555,572,-6.099999999999994,Better
555,886,-70.6,Worse
555,652,97.55000000000001,Worse
556,945,-54.22000000000003,Same
556,404,-211.66000000000003,Same
556,807,-284.85,Same
557,845,74.00999999999999,Worse
557,10,-313.03000000000003,Same
557,839,7.699999999999989,Worse
558,830,-431.66999999999996,Worse
558,668,-204.66999999999996,Better
558,394,1.2000000000000455,Worse
559,979,-27.25,Same
559,990,-142.69,Same
559,518,-20.54000000000002,Worse
560,76,165.69,Worse
560,63,218.03999999999996,Worse
560,302,-22.999999999999993,Worse
561,980,319.59,Same
561,428,408.71999999999997,Same
561,803,174.59,Same
562,863,-223.21999999999997,Worse
562,616,-210.82,Worse
562,441,-185.84999999999997,Same
563,110,195.5,Worse
563,165,204.53000000000003,Same
563,552,30.090000000000003,Same
564,681,385.86,Same
564,896,277.32,Better
564,746,247.32999999999998,Better
565,845,70.25999999999999,Worse
565,557,-3.75,Better
565,821,93.57,Better
566,850,-138.62,Worse
566,507,-61.27000000000001,Better
566,900,-161.29000000000002,Same
567,618,-150.95000000000002,Same
567,168,60.43999999999997,Better
567,406,-12.180000000000007,Same
568,766,-287.44,Worse
568,208,29.25,Worse
568,277,-343.60999999999996,Same
569,830,-77.79,Same
569,515,379.11,Better
569,705,101.78,Better
570,399,353.96,Better
570,25,278.7,Better
570,505,104.50000000000001,Better
571,918,262.34,Worse
571,361,40.31999999999999,Worse
571,22,-34.09,Same
572,453,255.13000000000002,Same
572,793,211.67,Same
572,240,228.4,Same
573,52,-210.52,Same
573,498,-41.099999999999994,Worse
573,488,-175.62,Same
574,333,-49.76999999999998,Worse
574,2,-30.54000000000002,Worse
574,126,-421.43,Better
575,944,218.32,Better
575,36,112.04999999999998,Same
575,511,222.42000000000002,Worse
576,93,-111.57,Same
576,442,109.52999999999997,Same
576,457,202.70999999999998,Worse
577,132,293.75,Better
577,169,27.939999999999998,Better
577,638,316.89,Better
578,991,87.57999999999998,Same
578,767,272.22,Same
578,667,131.77,Worse
579,668,-245.95999999999998,Better
579,692,-280.63,Worse
579,806,-416.06,Worse
580,19,-72.07,Same
580,369,108.07000000000002,Worse
580,444,5.969999999999999,Worse
581,482,-22.189999999999998,Worse
581,580,-7.590000000000003,Same
581,437,103.26999999999998,Worse
582,843,-4.449999999999989,Worse
582,809,-150.97,Same
582,188,-273.04,Same
583,168,-46.77000000000004,Better
583,818,-139.93,Worse
583,757,-205.02000000000004,Worse
584,951,80.67000000000002,Same
584,285,-141.22,Worse
584,380,-59.99000000000001,Same
585,429,11.450000000000003,Better
585,215,285.29,Same
585,860,375.17,Same
586,929,197.42,Same
586,454,270.83000000000004,Same
586,321,20.939999999999998,Worse
587,875,477.91,Same
587,856,433.79,Better
587,5,223.26,Better
588,98,31.420000000000016,Same
588,749,155.09000000000003,Same
588,666,122.38999999999999,Same
589,988,-118.60999999999999,Better
589,545,-151.85,Same
589,960,-271.74,Better
590,818,63.98000000000002,Same
590,544,-96.53999999999999,Better
590,401,340.89,Better
591,276,7.02000000000001,Better
591,145,-68.86000000000001,Better
591,86,0.8099999999999739,Same
592,705,-178.99,Same
592,906,-252.51000000000002,Worse
592,723,-160.92000000000002,Worse
593,354,-247.16,Worse
593,875,0.9700000000000273,Worse
593,471,-17.0,Worse
594,904,-38.72,Same
594,574,423.01,Better
594,265,289.28,Better
595,15,-1.0,Same
595,576,34.56,Same
595,652,138.55,Worse
596,608,-13.11,Better
596,339,393.43,Better
596,760,241.38,Better
597,798,252.98999999999998,Same
597,285,-84.5,Worse
597,980,201.91,Same
598,992,-100.88999999999999,Same
598,588,10.780000000000001,Same
598,824,43.08000000000001,Worse
599,728,76.73000000000002,Worse
599,39,202.52000000000004,Worse
599,986,-26.899999999999977,Worse
600,224,-59.14999999999998,Worse
600,614,-22.439999999999998,Worse
600,154,-31.180000000000007,Same
601,350,193.82,Same
601,549,-84.27999999999997,Worse
601,826,187.77000000000004,Worse
602,971,28.090000000000003,Worse
602,259,94.97,Worse
602,268,-107.01,Worse
603,6,289.03,Worse
603,930,223.91,Better
603,292,111.15,Better
604,862,-233.4,Same
604,355,3.419999999999959,Worse
604,646,-375.92,Worse
605,152,-225.52,Better
605,541,173.95,Better
605,802,85.42000000000002,Same
606,972,-382.53,Worse
606,114,-179.28999999999996,Worse
606,217,-330.54999999999995,Same
607,191,-252.01,Same
607,654,79.45000000000005,Same
607,406,-217.05999999999997,Worse
608,993,167.11,Worse
608,198,4.040000000000006,Worse
608,339,406.54,Worse
609,237,-174.54000000000002,Worse
609,635,-424.26,Worse
609,987,-237.98,Worse
610,895,120.48,Better
610,531,58.88000000000001,Better
610,755,3.5,Better
611,915,5.950000000000001,Worse
611,61,9.72,Same
611,970,482.01,Same
612,79,-38.73000000000002,Better
612,858,-252.23000000000002,Better
612,570,-317.37,Same
613,245,-324.21000000000004,Same
613,578,-344.03,Better
613,810,-364.67,Better
614,666,-71.93,Better
614,501,70.05000000000001,Same
614,589,-90.75,Same
615,520,21.58,Worse
615,480,291.95,Worse
615,37,155.5,Same
616,32,288.38,Better
616,817,215.29000000000002,Better
616,28,185.44,Same
617,605,-117.92000000000002,Worse
617,857,-281.58000000000004,Worse
617,667,-167.55,Worse
618,256,306.06,Better
618,426,-20.900000000000006,Same
618,113,-51.14,Same
619,13,-77.85000000000002,Worse
619,229,43.31,Worse
619,206,-171.28,Same
620,149,278.22999999999996,Same
620,702,-21.119999999999997,Same
620,996,-51.39,Worse
621,403,-133.52000000000004,Same
621,435,148.65999999999997,Same
621,144,-16.400000000000034,Worse
622,311,167.91000000000003,Better
622,656,131.15000000000003,Better
622,936,30.980000000000018,Better
623,87,50.77000000000001,Same
623,62,382.62,Same
623,755,-26.36999999999999,Worse
624,221,-140.49,Worse
624,8,32.48000000000002,Better
624,362,-206.32999999999998,Same
625,424,-171.67000000000002,Worse
625,465,-168.74,Worse
625,473,-12.560000000000002,Same
626,827,-17.060000000000002,Better
626,111,-168.27999999999997,Same
626,598,-106.85,Better
627,380,26.47999999999999,Better
627,592,255.08,Better
627,906,2.569999999999993,Same
628,18,-120.39999999999998,Better
628,620,-334.64,Better
628,185,2.3899999999999864,Better
629,531,-166.26,Same
629,566,-103.66,Worse
629,631,-177.27,Same
630,147,-35.97000000000003,Worse
630,404,17.579999999999984,Same
630,62,214.99,Same
631,895,72.61000000000001,Worse
631,400,141.23999999999998,Same
631,324,251.84,Worse
632,879,144.46999999999997,Same
632,574,313.87,Worse
632,36,49.41999999999999,Worse
633,537,104.44,Worse
633,203,129.81,Same
633,774,46.52000000000001,Worse
634,532,-100.42,Better
634,326,-32.25999999999999,Better
634,608,-114.93,Better
635,226,287.87,Worse
635,370,319.92,Worse
635,347,-13.789999999999992,Better
636,317,-260.1,Worse
636,70,-273.51,Better
636,297,-64.90000000000003,Better
637,298,-353.94,Same
637,74,123.81,Worse
637,592,4.730000000000018,Same
638,577,-316.89,Worse
638,460,-242.17,Same
638,146,-102.63,Worse
639,815,149.35999999999999,Same
639,494,153.67999999999998,Worse
639,317,62.099999999999994,Worse
640,429,-65.27,Better
640,464,125.96000000000001,Better
640,998,239.23999999999998,Better
641,519,-200.00000000000003,Worse
641,535,-291.31,Same
641,563,-214.16000000000003,Same
642,937,4.390000000000001,Better
642,372,445.45,Better
642,22,12.720000000000006,Better
643,583,21.600000000000023,Worse
643,214,-234.53,Same
643,550,-201.44,Same
644,427,-93.12,Same
644,122,81.82,Same
644,808,-123.45,Worse
645,568,-95.83000000000004,Better
645,26,-25.460000000000036,Same
645,476,-97.49000000000001,Better
646,518,206.45,Better
646,987,177.27,Better
646,632,87.06,Better
647,754,-312.27000000000004,Same
647,161,-47.10000000000002,Worse
647,134,-320.31000000000006,Same
648,893,273.68999999999994,Worse
648,328,134.15,Worse
648,884,193.04999999999998,Worse
649,441,-364.62,Better
649,548,-408.45000000000005,Better
649,509,-83.11000000000001,Better
650,788,-92.35,Same
650,571,-60.629999999999995,Better
650,813,-124.63,Better
651,252,164.86,Worse
651,626,290.89,Worse
651,894,233.17000000000002,Same
652,115,-22.960000000000036,Same
652,200,-40.150000000000034,Better
652,751,85.05000000000001,Same
653,16,379.90999999999997,Worse
653,953,9.540000000000006,Same
653,736,196.47999999999996,Same
654,917,-454.45000000000005,Worse
654,964,-56.170000000000016,Worse
654,743,-119.58000000000004,Worse
655,680,-187.17000000000002,Better
655,185,187.95999999999998,Better
655,74,269.88,Same
656,653,-279.8,Better
656,989,-175.12000000000003,Same
656,89,-62.30000000000001,Worse
657,835,-224.98,Same
657,568,-50.80000000000001,Same
657,445,-88.13999999999999,Same
658,65,-55.379999999999995,Same
658,828,-65.25,Better
658,295,190.70000000000002,Better
659,300,-146.59000000000003,Worse
659,954,-258.11,Same
659,473,-44.80000000000001,Same
660,575,-246.25,Same
660,928,-296.52,Better
660,797,110.92000000000002,Better
661,429,-54.3,Same
661,175,-89.78,Worse
661,302,-103.44999999999999,Worse
662,844,349.12,Worse
662,576,188.14,Better
662,621,269.11,Better
663,40,-124.74000000000001,Worse
663,685,-332.15,Worse
663,683,-392.9,Worse
664,560,-246.76999999999998,Better
664,320,46.53000000000003,Better
664,917,-285.05,Same
665,179,-260.51,Same
665,169,-96.68,Same
665,700,152.29000000000002,Better
666,682,-239.32999999999998,Same
666,367,-46.40999999999997,Same
666,600,94.37,Same
667,385,-66.30000000000001,Better
667,772,111.94,Better
667,959,-179.84,Better
668,472,-50.32000000000002,Same
668,449,73.84999999999997,Worse
668,382,-38.130000000000024,Same
669,829,-155.5,Same
669,13,-167.81,Worse
669,593,36.49000000000001,Same
670,757,64.34,Worse
670,524,149.29,Worse
670,455,19.449999999999996,Same
671,301,81.43,Worse
671,119,119.5,Worse
671,910,-226.92000000000002,Same
672,622,-66.55000000000001,Worse
672,710,38.19,Same
672,987,-66.28999999999999,Worse
673,589,69.39999999999998,Worse
673,638,244.01999999999998,Better
673,169,-44.93000000000001,Same
674,950,-403.32,Same
674,117,-86.93,Worse
674,857,-357.49,Worse
675,945,101.66000000000003,Same
675,49,-150.24999999999997,Worse
675,377,33.07000000000005,Worse
676,874,17.850000000000023,Better
676,595,-40.93000000000001,Better
676,151,-136.9,Better
677,259,120.59,Same
677,574,389.74,Better
677,797,370.41,Better
678,254,-121.51999999999998,Same
678,876,-418.88,Better
678,52,-425.34999999999997,Better
679,954,-96.22,Better
679,810,-171.57,Better
679,649,240.84,Same
680,449,280.26,Same
680,984,108.67999999999999,Better
680,778,129.67000000000002,Better
681,494,-85.34000000000003,Same
681,786,27.620000000000005,Better
681,49,-221.83,Same
682,98,148.36,Same
682,459,377.22,Same
682,780,362.55,Same
683,226,261.13,Same
683,408,248.21999999999997,Better
683,525,40.3,Better
684,288,156.73000000000002,Worse
684,663,260.39,Same
684,487,256.73,Same
685,683,-60.749999999999986,Same
685,242,47.83000000000001,Better
685,178,81.64000000000001,Better
686,339,200.17000000000002,Same
686,634,-91.44,Worse
686,760,48.120000000000005,Better
687,948,39.19,Worse
687,825,159.0,Worse
687,278,-129.08999999999997,Same
688,867,-143.57,Same
688,224,198.05,Worse
688,571,-81.82999999999998,Same
689,367,74.58000000000001,Same
689,254,133.96,Worse
689,638,276.78999999999996,Same
690,111,-302.43,Worse
690,813,-416.49,Worse
690,440,6.339999999999975,Worse
691,179,-290.09999999999997,Same
691,588,-115.50999999999999,Better
691,452,161.91000000000003,Same
692,996,-185.03,Same
692,633,-7.930000000000007,Better
692,380,-62.370000000000005,Better
693,429,-78.27999999999999,Same
693,654,311.74,Same
693,55,-165.23,Worse
694,275,-3.7099999999999795,Same
694,995,-243.62,Same
694,88,40.06999999999999,Same
695,706,180.95,Worse
695,77,267.98,Worse
695,321,188.75,Worse
696,515,106.67000000000002,Better
696,328,-43.099999999999966,Same
696,496,-96.22999999999996,Better
697,981,-82.36,Worse
697,661,36.69,Same
697,961,230.56,Worse
698,305,-61.92999999999999,Same
698,340,-95.41999999999999,Better
698,202,275.99,Better
699,416,-286.57,Better
699,421,-213.09,Same
699,998,86.95999999999998,Better
700,935,-301.83000000000004,Worse
700,894,-199.86,Same
700,52,-406.68,Same
701,218,259.06,Same
701,160,379.78999999999996,Same
701,289,197.82,Worse
702,43,383.96,Same
702,774,193.35,Worse
702,628,355.76,Worse
703,674,318.38,Better
703,465,54.99000000000001,Same
703,204,-0.020000000000010232,Better
704,419,40.55000000000001,Same
704,152,-242.80999999999997,Worse
704,772,45.02000000000004,Worse
705,257,110.07999999999998,Same
705,353,158.21999999999997,Worse
705,120,-141.15,Worse
706,475,-15.310000000000002,Better
706,338,-127.95,Worse
706,800,-80.22,Better
707,102,1.269999999999996,Better
707,715,421.65,Better
707,637,325.95,Better
708,139,-340.09000000000003,Better
708,858,-207.61,Better
708,704,-75.02000000000004,Better
709,751,406.05,Worse
709,822,211.04999999999998,Same
709,929,359.01,Same
710,956,-27.589999999999975,Worse
710,635,-290.76,Worse
710,953,-243.85,Same
711,591,-75.70000000000002,Better
711,216,56.5,Better
711,166,101.07,Better
712,237,-54.58000000000004,Better
712,977,-152.13000000000002,Same
712,575,-270.86,Better
713,535,55.56,Better
713,480,339.59,Worse
713,211,135.95999999999998,Better
714,828,-348.29999999999995,Same
714,837,-299.71,Worse
714,578,-351.62,Same
715,230,-124.07,Same
715,906,-343.48,Worse
715,592,-90.96999999999997,Same
716,696,265.88,Worse
716,973,-83.38999999999999,Same
716,558,347.32,Worse
717,841,-436.07,Same
717,894,-250.45999999999998,Same
717,375,-445.63,Same
718,894,228.93,Same
718,891,356.09,Same
718,523,54.6,Same
719,443,-58.07000000000005,Better
719,869,9.869999999999948,Better
719,370,8.0,Same
720,86,28.67999999999998,Same
720,907,128.15,Same
720,192,248.73999999999998,Worse
721,981,-429.52000000000004,Worse
721,289,-250.74000000000004,Worse
721,421,-360.31000000000006,Worse
722,548,-409.65999999999997,Worse
722,53,-40.94999999999999,Same
722,31,-163.82999999999998,Same
723,995,-3.240000000000009,Better
723,920,-97.42,Better
723,188,-203.74,Better
724,669,349.16999999999996,Same
724,517,-50.120000000000005,Worse
724,87,53.53,Same
725,315,-76.46000000000004,Better
725,197,-52.629999999999995,Better
725,291,-348.5,Better
726,982,-145.28000000000003,Same
726,348,214.76999999999998,Same
726,769,-216.25,Better
727,80,139.58999999999997,Better
727,638,265.65,Better
727,891,152.96999999999997,Better
728,414,174.65999999999997,Same
728,8,147.05,Better
728,924,88.49000000000001,Better
729,970,428.31,Same
729,520,43.75,Worse
729,200,235.95,Same
730,533,-47.39999999999998,Better
730,90,-193.2,Better
730,851,136.63,Better
731,174,-152.22999999999996,Worse
731,277,-454.61999999999995,Same
731,966,-128.84999999999997,Worse
732,531,-299.59999999999997,Same
732,556,68.26000000000005,Same
732,724,-331.37,Same
733,376,134.17000000000002,Better
733,675,80.71999999999997,Better
733,6,109.44,Worse
734,992,-300.49,Same
734,813,-375.09,Worse
734,98,-157.39999999999998,Same
735,559,-59.45999999999998,Better
735,946,-159.10999999999999,Better
735,534,-35.90999999999997,Better
736,804,16.130000000000052,Worse
736,944,17.910000000000025,Same
736,427,-205.83999999999997,Same
737,133,188.66000000000003,Same
737,923,168.86,Worse
737,356,-180.53,Same
738,175,-293.65,Worse
738,599,-203.67000000000002,Same
738,560,-284.32,Same
739,328,47.05000000000001,Worse
739,975,-131.69,Worse
739,680,-239.49,Worse
740,131,308.85,Better
740,586,135.37,Better
740,240,419.53000000000003,Better
741,862,-74.89000000000001,Better
741,672,26.149999999999977,Better
741,11,-57.04000000000002,Same
742,853,-3.75,Worse
742,312,-164.27,Worse
742,289,-171.25000000000003,Worse
743,320,-3.2899999999999636,Better
743,290,-244.74999999999997,Better
743,757,-262.56,Same
744,411,100.81,Worse
744,589,-48.08000000000004,Worse
744,38,-310.83000000000004,Worse
745,346,48.98000000000002,Better
745,631,-322.58000000000004,Better
745,895,-249.97,Better
746,732,154.57,Same
746,314,-84.57999999999998,Same
746,5,-44.81999999999999,Same
747,441,-269.78999999999996,Same
747,341,-186.10999999999999,Same
747,334,-238.61999999999998,Same
748,787,135.31,Worse
748,658,160.34,Worse
748,649,483.54,Worse
749,682,-272.03000000000003,Same
749,907,-2.990000000000009,Worse
749,700,83.12,Same
750,648,180.37,Better
750,620,66.08,Better
750,230,332.84999999999997,Better
751,740,-379.83000000000004,Same
751,844,-28.060000000000002,Same
751,77,-144.29000000000002,Same
752,608,-312.75,Better
752,171,97.60000000000002,Better
752,855,-277.24,Better
753,701,-87.58000000000001,Better
753,156,284.78,Worse
753,212,122.20999999999998,Better
754,593,350.11,Same
754,69,59.30000000000001,Same
754,42,87.37,Worse
755,324,296.21,Same
755,687,235.91999999999996,Better
755,631,44.36999999999999,Better
756,994,-16.639999999999986,Same
756,284,-201.57999999999998,Better
756,294,-351.7,Better
757,903,138.23000000000002,Same
757,697,9.730000000000004,Better
757,19,39.2,Better
758,892,170.06,Same
758,238,-209.17000000000002,Better
758,374,54.81,Better
759,211,84.64999999999999,Better
759,563,81.39999999999999,Better
759,393,46.77999999999999,Better
760,562,-8.78000000000003,Same
760,763,124.98000000000002,Worse
760,703,-164.93,Worse
761,567,136.96,Same
761,8,309.55,Better
761,737,182.94,Better
762,491,-208.65,Same
762,6,-1.1200000000000045,Worse
762,383,-63.73000000000002,Worse
763,23,13.189999999999998,Better
763,605,-165.36,Same
763,326,-296.8,Better
764,373,153.73,Same
764,79,287.28999999999996,Better
764,31,236.84,Better
765,543,-362.02000000000004,Better
765,475,-250.81000000000003,Better
765,318,-123.52000000000004,Worse
766,280,-53.7,Same
766,769,-32.59,Better
766,929,318.11,Better
767,210,-48.79000000000002,Worse
767,73,-106.82999999999998,Same
767,816,-264.15,Worse
768,264,-178.63,Same
768,641,103.85000000000002,Better
768,462,9.699999999999989,Better
769,835,145.85,Same
769,765,401.92,Worse
769,709,-8.310000000000002,Same
770,977,165.92,Worse
770,11,183.13,Worse
770,663,433.39,Same
771,420,-56.47000000000003,Same
771,231,-104.54000000000002,Same
771,767,-119.85000000000002,Same
772,686,-70.05000000000001,Same
772,330,-268.78000000000003,Better
772,53,108.32,Better
773,887,220.53,Better
773,886,-28.879999999999995,Worse
773,211,-26.340000000000003,Better
774,620,-172.23000000000002,Better
774,513,145.77,Better
774,247,-73.59,Same
775,815,142.60999999999999,Same
775,142,-176.97,Same
775,681,232.27,Worse
776,701,-130.53,Same
776,241,314.75,Same
776,162,242.14,Same
777,924,147.98000000000002,Same
777,580,47.41,Same
777,96,58.849999999999994,Same
778,843,112.23000000000002,Worse
778,472,26.419999999999987,Same
778,565,174.98000000000002,Worse
779,597,47.82000000000001,Better
779,840,179.21000000000004,Better
779,579,387.55,Better
780,361,-327.56,Worse
780,801,-369.73,Worse
780,666,-123.22000000000003,Same
781,867,-209.33,Better
781,988,-40.360000000000014,Better
781,158,-106.27000000000001,Better
782,182,-40.56999999999999,Worse
782,636,316.07000000000005,Worse
782,865,292.20000000000005,Same
783,936,48.44,Better
783,40,126.33999999999997,Same
783,100,-176.17000000000002,Better
784,84,80.70999999999998,Same
784,828,-279.26,Same
784,570,-281.62,Worse
785,423,-37.099999999999994,Same
785,782,-22.919999999999987,Same
785,939,0.7199999999999989,Same
786,896,-136.16000000000003,Same
786,34,-128.39000000000004,Worse
786,83,-130.38,Same
787,228,211.95999999999998,Worse
787,703,13.310000000000002,Worse
787,708,230.17000000000002,Worse
788,861,127.48999999999998,Better
788,711,281.51000000000005,Same
788,918,294.06,Same
789,779,-5.400000000000006,Worse
789,202,297.28,Same
789,750,-98.2,Worse
790,281,9.370000000000005,Worse
790,243,-186.79999999999998,Worse
790,327,-316.01,Worse
791,848,-3.490000000000009,Same
791,542,-238.04999999999998,Same
791,647,-34.97999999999996,Better
792,70,184.94,Same
792,4,110.62,Same
792,775,143.0,Same
793,731,10.329999999999984,Same
793,315,-138.98000000000002,Same
793,535,-354.03,Same
794,699,-95.51999999999998,Same
794,757,-305.19,Same
794,581,-186.32999999999998,Better
795,689,-79.06000000000003,Same
795,322,50.44,Same
795,891,85.04999999999995,Same
796,79,151.09,Same
796,363,-84.69,Same
796,855,-125.71,Same
797,486,-401.90000000000003,Same
797,378,-237.79000000000002,Worse
797,427,-362.6,Same
798,18,-113.28999999999996,Same
798,806,-329.32,Worse
798,845,9.28000000000003,Worse
799,310,-176.47999999999996,Same
799,929,-71.32999999999998,Same
799,430,-370.86,Worse
800,657,284.63,Same
800,662,-65.64,Worse
800,321,88.02000000000001,Worse
801,598,113.33999999999999,Better
801,254,259.48,Same
801,365,-8.549999999999997,Same
802,902,-129.70000000000002,Better
802,954,-212.11,Better
802,53,85.20999999999998,Better
803,995,4.259999999999991,Same
803,839,139.05,Worse
803,779,-104.73,Worse
804,534,9.569999999999993,Better
804,710,40.77999999999997,Better
804,685,-162.49000000000004,Same
805,754,-309.47,Better
805,69,-250.17000000000002,Better
805,292,-250.43,Better
806,189,59.010000000000005,Better
806,984,72.36999999999999,Better
806,127,49.959999999999994,Better
807,593,270.88,Same
807,199,220.38,Same
807,249,-167.02,Worse
808,575,35.760000000000005,Better
808,503,299.65,Better
808,947,183.89,Better
809,353,221.81999999999996,Worse
809,702,-78.4,Same
809,230,209.48999999999998,Same
810,957,-69.03,Same
810,634,102.86,Worse
810,300,186.87,Worse
811,559,-86.36000000000001,Better
811,259,-181.57000000000002,Same
811,804,-72.38,Same
812,188,-115.63,Same
812,584,80.42,Same
812,843,152.96000000000004,Worse
813,498,187.22,Worse
813,678,443.15,Worse
813,626,282.34,Worse
814,1000,-86.09999999999998,Same
814,520,-90.49999999999999,Worse
814,386,-131.42,Same
815,402,31.840000000000032,Worse
815,142,-319.58,Same
815,182,-183.79999999999998,Worse
816,334,50.25,Better
816,228,247.42999999999998,Same
816,704,190.61999999999998,Better
817,186,-42.22000000000003,Worse
817,532,-235.67000000000002,Same
817,418,-56.95999999999998,Same
818,162,215.90999999999997,Better
818,964,260.88,Same
818,851,203.71999999999997,Better
819,648,-102.85,Better
819,446,8.259999999999991,Worse
819,230,49.629999999999995,Better
820,434,-134.39999999999998,Same
820,704,-124.99000000000001,Better
820,407,5.569999999999993,Better
821,705,-239.24,Same
821,723,-221.17000000000002,Worse
821,335,-287.08000000000004,Worse
822,386,-163.32,Same
822,389,-120.02999999999999,Worse
822,495,-95.16,Worse
823,959,-242.20000000000002,Better
823,227,196.58999999999997,Better
823,722,198.84999999999997,Better
824,293,-184.99,Better
824,111,-104.50999999999999,Worse
824,180,118.74000000000001,Same
825,13,-189.95,Same
825,138,-69.44999999999999,Same
825,206,-283.38,Better
826,154,-58.88000000000005,Better
826,688,-284.90000000000003,Better
826,372,31.909999999999968,Better
827,988,-94.04999999999998,Same
827,642,-248.08999999999997,Worse
827,51,-2.6499999999999773,Same
828,198,-31.989999999999995,Worse
828,227,387.4,Same
828,763,343.44000000000005,Worse
829,883,-130.35999999999999,Same
829,161,107.05000000000001,Worse
829,474,142.92000000000002,Same
830,931,452.19,Better
830,702,37.57,Better
830,298,-0.10999999999999943,Better
831,105,-17.590000000000032,Same
831,447,-413.05,Same
831,176,-418.85,Worse
832,126,-55.91,Same
832,936,172.58,Same
832,783,124.14000000000001,Worse
833,15,17.47999999999999,Same
833,799,266.37,Same
833,37,58.599999999999994,Same
834,850,-416.01,Worse
834,566,-277.39,Same
834,838,-126.63,Same
835,469,-19.620000000000005,Same
835,729,-109.26,Same
835,645,270.01,Worse
836,980,44.54000000000002,Same
836,806,-233.7,Worse
836,188,-296.7,Same
837,227,338.81,Better
837,239,69.06,Better
837,300,114.32,Same
838,325,-242.76000000000005,Worse
838,551,-154.91000000000003,Worse
838,49,-151.63000000000002,Worse
839,803,-139.05,Better
839,195,-292.04,Worse
839,778,-178.93,Better
840,298,-264.73,Same
840,637,89.20999999999998,Same
840,702,-227.05,Same
841,501,411.63,Worse
841,988,132.22,Same
841,691,262.77,Worse
842,857,-360.77000000000004,Worse
842,649,13.259999999999991,Worse
842,374,-97.23000000000002,Same
843,391,-227.68,Same
843,996,-255.19000000000003,Worse
843,203,51.71999999999997,Better
844,925,-246.02,Same
844,502,90.28999999999996,Better
844,922,-37.58000000000004,Better
845,428,28.769999999999982,Better
845,698,-283.40000000000003,Same
845,203,-81.29000000000002,Better
846,170,-1.3400000000000034,Same
846,83,232.90000000000003,Better
846,909,109.14999999999999,Better
847,248,53.77999999999999,Worse
847,747,301.58,Same
847,902,141.76,Same
848,432,-209.98999999999995,Better
848,531,-347.53999999999996,Better
848,404,-191.33999999999997,Better
849,301,100.70000000000002,Worse
849,660,107.41,Same
849,48,-192.88,Better
850,791,427.04999999999995,Same
850,352,211.02,Same
850,170,22.58,Same
851,331,-296.29999999999995,Worse
851,60,-46.589999999999975,Same
851,191,-218.13,Same
852,927,-99.04,Same
852,57,142.35,Same
852,757,-59.82000000000001,Worse
853,302,-330.68,Same
853,331,-301.14,Same
853,214,-324.76,Better
854,920,53.39,Better
854,496,207.17000000000002,Better
854,750,-54.22,Same
855,767,269.42,Same
855,419,236.44,Same
855,45,294.2,Same
856,83,-129.94,Same
856,438,53.96999999999997,Worse
856,914,-329.13,Worse
857,186,157.51,Better
857,53,334.29,Better
857,625,262.84000000000003,Better
858,787,-22.560000000000002,Worse
858,679,84.83000000000001,Worse
858,473,201.92000000000002,Same
859,609,133.82,Better
859,366,67.90999999999997,Better
859,783,-121.88,Worse
860,927,-395.06,Better
860,965,-219.65,Better
860,580,-244.57000000000002,Better
861,309,253.2,Same
861,440,263.06,Worse
861,734,215.32,Better
862,644,-30.400000000000006,Same
862,604,233.4,Same
862,797,239.08,Same
863,307,-66.13000000000001,Same
863,385,75.69,Better
863,205,247.38,Better
864,530,-317.64,Better
864,203,-58.70999999999998,Better
864,716,-288.57,Better
865,785,-269.28000000000003,Same
865,324,-102.04000000000002,Worse
865,952,-11.439999999999998,Worse
866,875,248.51000000000002,Worse
866,536,69.91999999999999,Worse
866,383,71.73999999999998,Worse
867,158,103.06,Worse
867,411,436.47,Worse
867,222,107.66,Same
868,126,44.71,Better
868,869,377.98999999999995,Better
868,741,282.62,Better
869,381,-108.39999999999998,Worse
869,944,-70.02999999999997,Same
869,443,-67.94,Same
870,367,214.62,Same
870,276,197.48000000000002,Same
870,52,-29.830000000000005,Same
871,322,-74.64999999999998,Same
871,781,-180.23,Worse
871,145,-222.59,Same
872,303,198.77999999999997,Same
872,978,-125.81,Same
872,187,35.19999999999999,Worse
873,174,181.68,Worse
873,773,76.28999999999999,Worse
873,183,68.31,Same
874,291,-223.23000000000002,Same
874,386,-193.50000000000003,Better
874,115,56.809999999999945,Worse
875,610,-413.74,Same
875,148,-162.89000000000004,Better
875,125,-170.81,Better
876,588,162.0,Better
876,132,417.05,Better
876,251,383.89,Better
877,92,-251.45,Same
877,409,13.639999999999986,Same
877,811,-12.779999999999973,Worse
878,990,-204.39999999999998,Same
878,719,14.210000000000036,Worse
878,124,-229.17,Same
879,635,-240.53999999999996,Worse
879,913,135.77000000000004,Worse
879,67,37.610000000000014,Same
880,135,73.75,Same
880,896,169.26999999999998,Same
880,69,57.329999999999984,Same
881,118,-62.25,Better
881,340,-388.13,Better
881,707,-376.93,Better
882,359,-31.71,Same
882,100,15.75,Worse
882,947,204.93,Same
883,87,-9.780000000000001,Same
883,926,104.42999999999998,Worse
883,404,124.66,Same
884,557,-44.539999999999964,Better
884,778,-215.76999999999998,Better
884,18,-93.09999999999997,Better
885,551,-3.5,Worse
885,161,207.0,Worse
885,325,-91.35000000000001,Worse
886,769,-144.54,Better
886,759,-82.11,Better
886,327,-167.84,Same
887,586,-240.67,Same
887,165,-45.589999999999975,Same
887,529,-379.65,Worse
888,913,305.06,Same
888,663,348.39,Better
888,602,-25.430000000000007,Better
889,877,68.88,Worse
889,36,-120.77000000000001,Worse
889,503,31.069999999999993,Worse
890,756,223.58999999999997,Worse
890,547,-183.20000000000002,Worse
890,554,-224.13000000000002,Same
891,841,-312.77,Same
891,756,129.05,Worse
891,626,-69.44,Worse
892,608,-429.24,Better
892,150,-146.95,Worse
892,95,-115.75,Better
893,692,-254.33999999999997,Same
893,628,-53.339999999999975,Better
893,565,-121.42999999999995,Better
894,988,-53.390000000000015,Same
894,361,-120.30000000000001,Worse
894,219,180.70999999999998,Same
895,91,-160.79000000000002,Same
895,619,165.84,Better
895,317,45.03999999999999,Worse
896,834,164.97000000000003,Worse
896,474,129.8,Same
896,647,141.03000000000003,Same
897,970,393.31,Better
897,555,143.55,Same
897,1000,13.150000000000006,Better
898,484,267.94,Same
898,385,58.57000000000001,Same
898,407,322.34999999999997,Worse
899,508,-292.14,Better
899,969,-335.43,Better
899,410,-90.03000000000003,Same
900,866,205.04000000000002,Better
900,157,180.7,Worse
900,895,160.29000000000002,Same
901,96,-30.870000000000033,Better
901,522,-17.190000000000026,Better
901,76,-21.920000000000016,Same
902,32,153.43999999999997,Worse
902,53,214.91,Same
902,767,135.1,Same
903,39,110.91000000000003,Same
903,872,-36.50999999999999,Better
903,477,235.13,Same
904,14,263.04,Same
904,971,125.7,Same
904,358,444.5,Better
905,164,107.07,Same
905,338,-265.25,Worse
905,844,65.96000000000004,Worse
906,388,251.04999999999998,Same
906,839,223.14000000000001,Better
906,996,-98.75,Same
907,727,-139.56,Same
907,98,-120.68,Better
907,795,-71.63999999999999,Better
908,768,96.41999999999999,Worse
908,706,8.699999999999989,Worse
908,315,124.00999999999996,Same
909,371,-116.33,Worse
909,745,254.52,Worse
909,675,154.92999999999998,Same
910,408,310.33,Worse
910,378,188.19,Worse
910,911,11.669999999999998,Worse
911,235,66.5,Better
911,947,205.27,Better
911,741,250.12000000000003,Better
912,478,-303.4,Worse
912,645,31.260000000000048,Worse
912,751,13.140000000000043,Worse
913,265,-100.10000000000002,Better
913,89,-121.44,Worse
913,347,-390.1,Better
914,199,321.78,Better
914,377,263.44000000000005,Worse
914,497,135.5,Same
915,793,431.87,Better
915,264,86.67,Same
915,176,-8.08,Better
916,310,-116.97999999999996,Same
916,793,58.18000000000001,Same
916,831,37.08000000000004,Same
917,533,157.09,Better
917,923,384.96000000000004,Worse
917,901,225.89000000000001,Worse
918,216,43.950000000000045,Better
918,545,-188.35,Same
918,867,-324.08,Better
919,442,65.70999999999998,Better
919,200,20.019999999999982,Better
919,726,-36.26999999999998,Worse
920,633,84.17999999999999,Same
920,716,-15.870000000000005,Same
920,270,-16.189999999999998,Same
921,145,-118.16,Same
921,540,45.0,Worse
921,638,177.07,Same
922,24,-39.91999999999996,Better
922,183,-166.65999999999997,Better
922,281,-30.019999999999982,Worse
923,852,-252.83,Better
923,699,-102.98000000000002,Same
923,533,-227.87,Better
924,958,-151.56,Same
924,500,-59.53000000000003,Same
924,607,90.84999999999997,Same
925,457,287.75,Same
925,773,49.75999999999999,Better
925,386,-84.24000000000001,Better
926,283,117.94,Worse
926,70,-42.73999999999998,Better
926,450,21.310000000000002,Better
927,938,85.61,Worse
927,777,103.08,Same
927,261,225.97999999999996,Worse
928,259,157.62,Worse
928,882,-6.529999999999994,Same
928,594,3.760000000000005,Worse
929,29,-41.50999999999999,Worse
929,318,-72.30000000000001,Worse
929,731,80.33999999999997,Same
930,282,9.20999999999998,Same
930,68,118.42000000000002,Worse
930,926,-39.610000000000014,Worse
931,506,-135.68,Same
931,906,-346.14,Worse
931,305,-402.02,Worse
932,264,-293.89,Worse
932,454,54.710000000000036,Same
932,319,-169.86999999999998,Worse
933,192,259.82,Same
933,361,-94.82,Better
933,276,45.97000000000003,Better
934,390,256.66,Same
934,520,-70.55999999999999,Worse
934,922,181.2,Worse
935,332,112.53999999999999,Better
935,678,320.5,Same
935,547,-48.610000000000014,Same
936,408,57.95999999999998,Worse
936,89,37.870000000000005,Worse
936,663,202.64,Same
937,571,42.42000000000001,Same
937,918,304.76,Worse
937,600,381.45,Same
938,289,59.75999999999999,Worse
938,273,42.03999999999999,Better
938,852,13.430000000000007,Better
939,553,-2.1299999999999955,Worse
939,791,276.72,Worse
939,4,-55.39999999999998,Same
940,267,-115.46,Same
940,985,118.34,Same
940,854,-66.32,Worse
941,885,-129.38,Better
941,432,-53.77999999999997,Better
941,587,-314.38,Worse
942,398,-190.54000000000002,Same
942,187,-32.73000000000002,Worse
942,262,-165.54000000000002,Worse
943,5,-29.689999999999998,Same
943,785,-56.31,Same
943,225,-104.57,Worse
944,653,-214.39,Same
944,604,133.17000000000002,Same
944,972,-211.39,Worse
945,895,-252.04,Worse
945,494,-115.42000000000002,Worse
945,121,-303.89,Same
946,355,251.99999999999997,Worse
946,122,66.6,Same
946,359,-191.42000000000002,Same
947,882,-204.93,Same
947,288,134.41000000000003,Worse
947,889,84.69,Same
948,172,23.370000000000005,Better
948,297,82.11000000000001,Better
948,593,134.16000000000003,Better
949,576,-195.76,Better
949,478,-323.26,Same
949,115,-114.73000000000002,Same
950,181,265.39,Worse
950,368,361.28,Same
950,991,115.66999999999999,Same
951,18,2.3100000000000023,Same
951,120,-232.20000000000002,Worse
951,537,18.21999999999997,Worse
952,639,-286.89,Better
952,42,-240.28000000000003,Worse
952,9,26.430000000000007,Worse
953,849,125.37,Worse
953,972,-6.540000000000006,Worse
953,518,168.54999999999998,Worse
954,205,182.45,Same
954,399,300.21,Same
954,667,77.06,Worse
955,883,100.46000000000001,Same
955,148,260.89,Worse
955,939,143.23,Same
956,575,-229.73000000000002,Better
956,40,31.72999999999996,Same
956,427,-235.16000000000003,Better
957,613,433.7,Worse
957,484,364.51,Same
957,634,171.89000000000001,Worse
958,289,45.869999999999976,Worse
958,776,-21.420000000000016,Same
958,262,-56.170000000000016,Worse
959,31,277.22,Better
959,796,176.57999999999998,Better
959,279,291.76,Better
960,756,462.73,Worse
960,734,356.99,Better
960,433,131.65,Better
961,464,-56.94,Better
961,500,-87.98000000000002,Better
961,567,-142.48,Better
962,183,-16.22999999999999,Same
962,695,-196.2,Same
962,462,82.16999999999999,Worse
963,992,-305.15,Better
963,322,-62.579999999999984,Better
963,700,44.73000000000002,Better
964,55,-420.8,Same
964,187,-189.05,Better
964,743,-63.410000000000025,Same
965,567,-38.379999999999995,Worse
965,927,-175.41000000000003,Same
965,493,26.789999999999992,Worse
966,447,-315.63,Better
966,799,119.83999999999997,Better
966,751,95.55000000000001,Worse
967,929,147.21,Better
967,318,74.91,Same
967,502,256.48,Better
968,995,-195.06,Better
968,149,-52.54000000000002,Better
968,881,15.350000000000023,Worse
969,183,75.01,Same
969,47,-41.71000000000001,Same
969,897,-18.840000000000003,Worse
970,338,-426.43,Worse
970,475,-313.78999999999996,Same
970,109,-70.99000000000001,Worse
971,653,-36.540000000000006,Better
971,220,-53.010000000000005,Better
971,646,-64.9,Same
972,381,173.01999999999998,Same
972,849,131.91000000000003,Better
972,971,33.540000000000006,Same
973,203,313.25,Same
973,304,448.72,Worse
973,592,357.6,Same
974,121,-197.71999999999997,Same
974,474,97.35000000000002,Same
974,42,-116.32,Worse
975,388,228.70999999999998,Worse
975,836,162.20999999999998,Better
975,384,326.09,Same
976,378,-138.21999999999997,Worse
976,2,88.36000000000001,Worse
976,684,-131.78999999999996,Same
977,2,227.23,Same
977,17,-127.92999999999999,Better
977,265,124.03999999999999,Better
978,437,246.21999999999997,Worse
978,585,4.759999999999991,Worse
978,483,71.75,Worse
979,268,-269.94,Worse
979,94,171.84999999999997,Worse
979,92,-125.06,Worse
980,118,7.420000000000016,Same
980,10,-326.68,Same
980,188,-341.24,Same
981,241,426.24,Better
981,777,136.49,Better
981,585,53.3,Same
982,886,73.57000000000001,Same
982,641,287.02000000000004,Better
982,695,-85.5,Better
983,995,-78.98000000000002,Same
983,806,-216.48000000000002,Worse
983,996,-266.08,Worse
984,668,97.73000000000002,Same
984,43,292.26,Same
984,472,47.41,Same
985,35,-64.68,Same
985,592,127.07000000000002,Same
985,446,52.599999999999994,Worse
986,113,-124.00000000000001,Better
986,580,91.54999999999998,Better
986,320,239.55,Better
987,990,-92.97,Better
987,259,-45.49000000000001,Worse
987,481,-198.28,Same
988,350,265.54999999999995,Same
988,46,6.150000000000006,Worse
988,813,-171.23,Worse
989,712,162.25000000000003,Worse
989,381,71.34,Worse
989,359,-197.12,Better
990,979,115.44,Same
990,525,-26.27000000000001,Worse
990,2,286.09,Worse
991,339,286.25,Worse
991,239,33.390000000000015,Worse
991,847,-92.21999999999998,Same
992,871,317.22,Same
992,254,247.03,Worse
992,801,-12.450000000000003,Worse
993,23,225.55,Better
993,816,-126.33000000000001,Same
993,959,-182.47,Better
994,107,-472.11,Better
994,372,-1.5500000000000114,Better
994,251,-56.03000000000003,Better
995,328,112.73000000000002,Worse
995,648,-21.419999999999987,Same
995,637,159.43,Same
996,723,190.34,Same
996,88,470.78999999999996,Better
996,257,282.34999999999997,Better
997,167,205.78000000000003,Same
997,532,-147.18,Same
997,419,110.25999999999999,Same
998,444,-179.39,Same
998,581,-177.76999999999998,Better
998,160,-8.509999999999991,Better
999,718,-225.84,Same
999,813,-221.53,Worse
999,433,-71.78,Same
1000,211,62.33999999999999,Same
1000,915,-95.9,Worse
1000,833,70.92,Same
